City_ID,City,Lat,Lng,Max Temp,Humidity,Cloudiness,Wind Speed,Country,Date
0,avarua,-21.2078,-159.775,26.03,78,75,9.26,CK,1701203725
1,wailua homesteads,22.0669,-159.378,21.44,88,100,4.12,US,1701203442
2,punta arenas,-53.15,-70.9167,11.06,40,40,15.43,CL,1701203728
3,ceeldheer,3.8488,47.1806,26.54,75,47,6.09,SO,1701203729
4,jamestown,42.097,-79.2353,-2.23,89,100,7.72,US,1701203730
5,ust-nera,64.5667,143.2,-20.99,99,100,1.44,RU,1701203732
6,ushuaia,-54.8,-68.3,10.81,54,40,4.12,AR,1701203487
7,mhamid,29.82,-5.72,16.53,23,0,1.74,MA,1701203734
8,talnakh,69.4865,88.3972,-23.66,97,31,2.05,RU,1701203516
9,ola,59.5833,151.2833,-13.4,77,100,3.88,RU,1701203737
10,puerto natales,-51.7236,-72.4875,12.25,43,75,12.35,CL,1701203738
11,albany,42.6001,-73.9662,0.2,57,53,1.79,US,1701203740
12,port-aux-francais,-49.35,70.2167,5.72,98,100,13.59,TF,1701203742
13,anadyr,64.75,177.4833,-2.72,80,0,7.0,RU,1701203485
14,alice springs,-23.7,133.8833,21.75,49,100,2.06,AU,1701203745
15,storozhevaya,43.8789,41.4514,-0.83,55,20,1.56,RU,1701203747
16,stanley,54.868,-1.6985,0.99,84,0,3.6,GB,1701203748
17,waitangi,-43.9535,-176.5597,15.46,91,91,3.13,NZ,1701203749
18,naha,26.2125,127.6811,15.95,77,0,2.57,JP,1701203493
19,kristiansund,63.1115,7.732,-4.64,74,75,3.09,NO,1701203719
20,magadan,59.5667,150.8,-13.16,74,100,4.03,RU,1701203753
21,edna,28.9786,-96.6461,16.59,50,1,1.91,US,1701203755
22,vorkuta,67.5,64.0,-12.69,91,100,3.0,RU,1701203756
23,durango,24.8333,-104.8333,20.63,21,5,2.17,MX,1701203757
24,grytviken,-54.2811,-36.5092,0.11,67,7,4.44,GS,1701203616
25,iskateley,67.6803,53.1512,-17.21,95,100,4.92,RU,1701203760
26,keflavik,64.0049,-22.5624,2.95,86,75,4.63,IS,1701203552
27,muli,2.9167,73.5667,27.36,80,100,4.76,MV,1701203763
28,blackmans bay,-43.0167,147.3167,12.07,96,85,3.23,AU,1701203764
29,kodiak,57.79,-152.4072,5.73,75,75,13.38,US,1701203765
30,west island,-12.1568,96.8225,24.99,73,40,4.63,CC,1701203767
31,barguzin,53.6167,109.6167,-15.71,96,86,1.05,RU,1701203768
32,tiksi,71.6872,128.8694,-16.67,90,100,8.37,RU,1701203769
33,yellowknife,62.456,-114.3525,-11.99,90,75,1.03,CA,1701203771
34,saint-denis,48.9167,2.3333,4.52,88,75,2.57,FR,1701203772
35,cabo san lucas,22.8909,-109.9124,30.34,60,0,2.24,MX,1701203774
36,karratha,-20.7377,116.8463,23.12,54,0,7.9,AU,1701203775
37,gadzhiyevo,69.2551,33.3362,-1.61,83,100,8.19,RU,1701203777
38,ancud,-41.8697,-73.8203,12.06,78,41,6.52,CL,1701203778
39,bredasdorp,-34.5322,20.0403,16.46,66,19,4.68,ZA,1701203779
40,baker city,44.7749,-117.8344,10.36,54,0,6.69,US,1701203781
41,schotten,50.5,9.1333,-0.6,88,100,1.82,DE,1701203782
42,dryden,49.7833,-92.7503,-8.84,86,100,5.66,CA,1701203783
43,bethel,41.3712,-73.414,2.05,50,40,4.63,US,1701203785
44,guerrero negro,27.9769,-114.0611,21.85,52,100,3.54,MX,1701203786
45,adamstown,-25.066,-130.1015,23.23,86,85,7.08,PN,1701203787
46,porto novo,6.4965,2.6036,27.9,84,92,3.97,BJ,1701203548
47,fort st. john,56.2499,-120.8529,4.94,56,20,9.26,CA,1701203790
48,jayapura,-2.5333,140.7,23.66,89,100,1.63,ID,1701203576
49,miches,18.9836,-69.0476,30.11,79,19,3.33,DO,1701203794
50,prince rupert,54.3161,-130.3201,7.83,98,100,2.57,CA,1701203796
51,lebu,-37.6167,-73.65,13.14,70,5,6.85,CL,1701203797
52,enewetak,11.3474,162.3373,27.75,77,97,10.82,MH,1701203798
53,margaret river,-33.95,115.0667,14.54,90,2,1.4,AU,1701203800
54,isafjordur,66.0755,-23.124,0.55,77,100,1.15,IS,1701203801
55,hithadhoo,-0.6,73.0833,27.83,76,93,4.55,MV,1701203802
56,klyuchi,52.2667,79.1667,-1.24,66,100,4.15,RU,1701203804
57,olonkinbyen,70.9221,-8.7187,1.97,76,100,3.96,SJ,1701203805
58,hamilton,39.1834,-84.5333,-1.16,54,20,4.12,US,1701203807
59,atafu village,-8.5421,-172.5159,27.26,82,100,5.19,TK,1701203532
60,petropavlovsk-kamchatsky,53.0452,158.6483,-9.19,86,0,5.0,RU,1701203809
61,badger,64.8,-147.5333,-9.07,90,75,3.09,US,1701203811
62,ban houakhoua,20.2453,100.4547,15.33,89,47,0.83,LA,1701203812
63,qaqortoq,60.7167,-46.0333,-5.72,62,100,3.98,GL,1701203813
64,sena madureira,-9.0656,-68.6569,31.44,55,93,1.45,BR,1701203815
65,college,64.8569,-147.8028,-9.03,89,75,3.09,US,1701203816
66,greenville,35.6127,-77.3663,11.09,38,40,4.12,US,1701203819
67,longyearbyen,78.2186,15.6401,1.91,80,75,3.6,SJ,1701203820
68,buulobarde,3.8538,45.5674,25.46,68,72,4.82,SO,1701203821
69,bubaque,11.2833,-15.8333,28.34,65,12,8.13,GW,1701203823
70,ilulissat,69.2167,-51.1,-7.99,57,75,12.35,GL,1701203824
71,zhezqazghan,47.7833,67.7667,5.1,70,92,3.52,KZ,1701203826
72,saipan,15.1355,145.701,27.39,83,40,6.17,MP,1701203827
73,tura,25.5198,90.2201,18.4,69,99,1.19,IN,1701203828
74,arraial do cabo,-22.9661,-42.0278,26.98,78,20,10.8,BR,1701203830
75,lautoka,-17.6167,177.4667,29.92,66,20,2.57,FJ,1701203831
76,wuyang,31.9925,116.2472,10.86,57,100,2.27,CN,1701203832
77,chibougamau,49.9168,-74.3659,-8.21,93,100,3.09,CA,1701203570
78,fuxin,42.0156,121.6589,-10.94,60,0,5.57,CN,1701203835
79,san patricio,28.017,-97.5169,16.6,35,76,1.36,US,1701203836
80,holualoa,19.6228,-155.9522,26.97,75,40,3.6,US,1701203838
81,bilibino,68.0546,166.4372,-30.7,100,100,0.83,RU,1701203839
82,hawaiian paradise park,19.5933,-154.9731,26.6,81,100,3.09,US,1701203840
83,selfoss,63.9331,-20.9971,1.28,85,100,2.4,IS,1701203706
84,ambovombe,-25.1667,46.0833,23.25,91,8,1.35,MG,1701203843
85,rio grande,-32.035,-52.0986,25.06,84,44,6.5,BR,1701203844
86,moapa valley,36.5805,-114.4703,18.71,17,21,1.14,US,1701203846
87,illizi,26.4833,8.4667,15.89,22,44,1.21,DZ,1701203847
88,iqaluit,63.7506,-68.5145,-1.15,92,100,8.23,CA,1701203848
89,shitanjing,39.2342,106.3439,-10.35,40,0,1.84,CN,1701203850
90,hami,42.8,93.45,2.0,32,6,2.45,CN,1701203543
91,st. paul,44.9444,-93.0933,0.93,64,0,5.14,US,1701203852
92,azadshahr,34.7909,48.5707,1.27,80,0,2.06,IR,1701203854
93,nemuro,43.3236,145.575,0.58,66,45,12.84,JP,1701203855
94,bhamo,24.2667,97.2333,15.74,82,3,0.76,MM,1701203856
95,kismayo,-0.3582,42.5454,27.26,79,23,4.13,SO,1701203858
96,hadibu,12.65,54.0333,25.37,70,100,4.98,YE,1701203770
97,edinburgh of the seven seas,-37.0676,-12.3116,14.36,84,86,8.34,SH,1701203860
98,whitehorse,60.7161,-135.0538,-4.57,67,20,2.06,CA,1701203862
99,ugoofaaru,5.6667,73.0,28.25,73,100,3.84,MV,1701203864
100,callao,-12.0667,-77.15,21.16,73,40,6.17,PE,1701203865
101,carnarvon,-24.8667,113.6333,20.73,65,64,6.32,AU,1701203866
102,codrington,-38.2667,141.9667,14.87,90,100,9.47,AU,1701203868
103,antofagasta,-23.65,-70.4,19.6,72,30,4.84,CL,1701203869
104,lorengau,-2.0226,147.2712,27.36,79,100,1.35,PG,1701203870
105,kingston,17.997,-76.7936,27.89,78,75,4.63,JM,1701203872
106,touros,-5.1989,-35.4608,26.51,73,100,5.54,BR,1701203873
107,kavaratti,10.5669,72.642,28.57,74,79,3.48,IN,1701203875
108,kurchum,48.5722,83.6542,0.59,53,20,2.22,KZ,1701203876
109,i-n-salah,27.1935,2.4607,18.03,25,100,0.76,DZ,1701203877
110,cova figueira,14.8905,-24.2934,21.89,77,6,7.0,CV,1701203879
111,westport,41.1415,-73.3579,2.75,48,75,6.17,US,1701203880
112,invercargill,-46.4,168.35,10.01,73,89,4.92,NZ,1701203881
113,ghat,24.9647,10.1728,18.58,16,0,1.43,LY,1701203883
114,hasaki,35.7333,140.8333,3.22,35,0,0.63,JP,1701203884
115,arteche,12.2645,125.4048,26.37,90,100,4.48,PH,1701203885
116,tolanaro,-25.0319,46.9987,26.04,83,20,10.8,MG,1701203887
117,san matias,-16.3667,-58.4,27.46,69,98,2.42,BO,1701203888
118,thinadhoo,0.5333,72.9333,27.41,78,95,4.63,MV,1701203889
119,muhammadabad,25.6333,83.75,18.37,65,5,2.17,IN,1701203891
120,laguna,38.421,-121.4238,18.99,40,0,2.06,US,1701203892
121,papatowai,-46.5619,169.4708,10.08,57,92,5.88,NZ,1701203893
122,udachny,66.4167,112.4,-17.53,84,100,9.86,RU,1701203895
123,kikwit,-5.041,18.8162,20.55,98,49,0.12,CD,1701203896
124,georgetown,5.4112,100.3354,25.96,86,20,1.54,MY,1701203691
125,sinabang,2.4803,96.3801,26.33,85,100,4.01,ID,1701203899
126,hobyo,5.3505,48.5268,26.98,73,94,7.54,SO,1701203900
127,mpanda,-6.3655,31.0409,18.57,97,55,0.56,TZ,1701203901
128,susel,54.0667,10.7167,-2.28,80,100,2.6,DE,1701203903
129,lodwar,3.1191,35.5973,29.52,39,67,4.14,KE,1701203904
130,saint-louis,16.3333,-15.0,27.83,14,4,4.51,SN,1701203906
131,port elizabeth,-33.918,25.5701,17.4,89,100,11.83,ZA,1701203412
132,mata-utu,-13.2816,-176.1745,28.49,78,100,9.67,WF,1701203908
133,lata,40.1629,-8.3327,16.56,94,91,2.13,PT,1701203910
134,turabah,21.2141,41.6331,22.93,23,0,5.03,SA,1701203911
135,bijie,27.3125,105.2942,10.43,95,100,1.81,CN,1701203912
136,miri,4.4148,114.0089,25.08,94,40,4.12,MY,1701203914
137,simanggang,1.2472,111.4528,22.99,100,82,0.0,MY,1701203915
138,cestos city,5.46,-9.5828,26.39,83,100,1.64,LR,1701203916
139,ilhabela,-23.7781,-45.3581,23.81,96,100,3.42,BR,1701203918
140,port lincoln,-34.7333,135.8667,15.63,86,62,7.85,AU,1701203906
141,andergrove,-21.0833,149.1833,24.8,85,2,5.38,AU,1701203920
142,saranac lake,44.3295,-74.1313,-3.95,77,100,4.63,US,1701203922
143,opuwo,-18.0607,13.84,25.04,56,99,3.2,NA,1701203421
144,san pedro,14.35,121.0167,25.73,96,75,3.58,PH,1701203924
145,champasak,14.75,106.0,18.37,82,100,0.26,LA,1701203926
146,ha'il,27.5219,41.6907,14.01,62,0,2.06,SA,1701203927
147,utrik,11.2278,169.8474,27.24,78,98,9.01,MH,1701203928
148,luocheng,29.3848,104.0286,14.69,74,100,1.76,CN,1701203930
149,yeed,4.55,43.0333,26.76,56,26,3.69,SO,1701203931
150,ulladulla,-35.35,150.4667,19.87,96,100,9.57,AU,1701203932
151,amahai,-3.3333,128.9167,25.29,83,100,1.81,ID,1701203934
152,grand falls-windsor,48.9332,-55.6649,9.72,94,100,5.36,CA,1701203935
153,thal,35.4791,72.2439,3.67,70,15,2.86,PK,1701203936
154,mili,6.0815,171.735,27.81,80,100,9.09,MH,1701203938
155,uturoa,-16.7333,-151.4333,27.03,79,58,8.63,PF,1701203940
156,saint joseph,39.7686,-94.8466,5.7,59,0,4.63,US,1701203944
157,puerto ayora,-0.7393,-90.3518,27.98,95,79,5.36,EC,1701203946
158,mossel bay,-34.1831,22.146,17.29,69,42,6.81,ZA,1701203947
159,happy valley-goose bay,53.3168,-60.3315,3.17,87,100,0.0,CA,1701203948
160,xinyuan,37.3,99.0,-7.89,33,66,2.6,CN,1701203950
161,dabou,5.3256,-4.3769,26.44,82,66,3.94,CI,1701203951
162,tsiombe,-25.3,45.4833,24.3,88,55,4.94,MG,1701203952
163,kurtamysh,54.9103,64.4319,1.98,79,100,5.36,RU,1701203954
164,alaghsas,17.0187,8.0168,26.6,20,20,3.98,NE,1701203955
165,bhimunipatnam,17.8833,83.4333,22.73,83,86,3.15,IN,1701203956
166,minas de marcona,-15.2119,-75.1103,18.44,64,4,8.19,PE,1701203522
167,flying fish cove,-10.4217,105.6791,25.61,69,97,7.43,CX,1701203959
168,nizhniy odes,63.6445,54.856,-12.49,93,70,2.75,RU,1701203960
169,nar'yan-mar,67.6713,53.087,-17.16,95,100,4.92,RU,1701203962
170,nishinoomote,30.7333,131.0,16.8,62,6,7.73,JP,1701203963
171,kassala,15.451,36.4,25.48,62,0,5.12,SD,1701203964
172,mersing,2.4312,103.8405,24.95,94,40,2.06,MY,1701203966
173,jabat,7.75,168.9751,27.92,75,85,9.4,MH,1701203967
174,rabaul,-4.1967,152.1721,26.74,80,41,0.99,PG,1701203968
175,cartagena,10.3997,-75.5144,31.79,70,20,4.63,CO,1701203731
176,christchurch,-43.5333,172.6333,12.11,63,75,6.17,NZ,1701203365
177,kapa'a,22.0752,-159.319,22.18,88,100,4.12,US,1701203564
178,puerto baquerizo moreno,-0.9,-89.6,28.55,79,75,6.17,EC,1701203973
179,newman,37.3138,-121.0208,18.49,10,0,2.29,US,1701203975
180,bengkulu,-3.8004,102.2655,23.66,94,100,1.12,ID,1701203976
181,isfana,39.8386,69.5306,0.31,32,100,3.5,KG,1701203977
182,shobara,34.85,133.0167,5.34,83,75,1.23,JP,1701203979
183,ribeira grande,38.5167,-28.7,19.32,94,75,8.23,PT,1701203980
184,rongelap,11.1635,166.8941,27.41,77,88,9.2,MH,1701203982
185,praia da vitoria,38.7333,-27.0667,18.75,100,75,5.58,PT,1701203983
186,al ghayzah,16.2079,52.176,25.19,67,83,1.26,YE,1701203984
187,viqueque,-8.8673,126.3658,24.93,79,57,1.35,TL,1701203986
188,hermanus,-34.4187,19.2345,17.66,69,47,5.78,ZA,1701203866
189,port alfred,-33.5906,26.891,19.54,78,100,4.02,ZA,1701203988
190,langzhong,31.5504,105.9938,14.14,69,100,2.56,CN,1701203990
191,black point,-34.6187,137.8972,16.56,83,100,6.99,AU,1701203991
192,bodo,67.28,14.405,-1.98,69,0,5.66,NO,1701203992
193,antalaha,-14.9003,50.2788,22.35,86,15,2.53,MG,1701203994
194,weno,7.4515,151.8468,27.97,78,40,3.09,FM,1701203995
195,awjilah,29.1081,21.2869,14.8,35,0,3.65,LY,1701203996
196,dudinka,69.4058,86.1778,-26.24,100,40,1.61,RU,1701203998
197,mhlume,-26.0333,31.85,33.91,71,14,2.2,SZ,1701203999
198,och'amch'ire,42.7123,41.4686,4.71,64,35,3.45,GE,1701204000
199,labuan,5.2767,115.2417,25.2,94,20,0.0,MY,1701204002
200,yuzhno-kurilsk,44.0306,145.8556,3.54,74,72,13.15,RU,1701204003
201,mount isa,-20.7333,139.5,22.87,83,75,1.54,AU,1701204004
202,vadso,70.0744,29.7487,1.09,69,75,9.26,NO,1701203415
203,tromso,69.6496,18.957,-5.99,86,0,1.03,NO,1701203759
204,el jadid,33.2549,-8.506,17.08,66,1,1.67,MA,1701204010
205,fortuna,40.5982,-124.1573,18.19,41,0,4.12,US,1701204011
206,port mathurin,-19.6833,63.4167,24.81,73,15,3.94,MU,1701204012
207,livingston,55.9029,-3.5226,2.37,76,40,2.06,GB,1701204014
208,santa croce camerina,36.8289,14.5268,15.82,94,40,5.14,IT,1701204015
209,yemel'yanovo,56.1681,92.6767,-23.29,84,40,0.0,RU,1701204016
210,puente-genil,37.3894,-4.7669,14.13,82,43,0.94,ES,1701204018
211,mount pearl,47.5166,-52.7813,9.42,97,100,15.43,CA,1701204019
212,vilyuysk,63.7553,121.6247,-17.9,92,42,3.95,RU,1701204020
213,codajas,-3.8367,-62.0569,30.96,55,91,1.5,BR,1701204022
214,puerto deseado,-47.7503,-65.8938,21.81,20,10,12.59,AR,1701204023
215,sandnessjoen,66.0217,12.6316,1.06,55,75,2.57,NO,1701203771
216,colombo,6.9319,79.8478,23.97,87,99,4.69,LK,1701203892
217,susuman,62.7833,148.1667,-29.12,100,99,0.4,RU,1701204027
218,zhangye,38.9342,100.4517,-4.4,59,32,0.89,CN,1701204028
219,pandan,14.0453,124.1694,26.67,88,57,5.82,PH,1701203577
220,mogadishu,2.0371,45.3438,27.48,78,100,7.7,SO,1701204031
221,grand baie,-20.0182,57.5802,24.26,90,20,3.61,MU,1701204032
222,tosontsengel,48.7567,98.2839,-26.86,100,100,0.48,MN,1701204035
223,inirida,3.8653,-67.9239,30.11,66,64,0.67,CO,1701204038
224,norton,-17.8833,30.7,22.38,37,51,3.03,ZW,1701204039
225,tazacorte,28.629,-17.9293,19.54,81,0,3.09,ES,1701204040
226,mount gambier,-37.8333,140.7667,14.43,91,100,6.08,AU,1701204042
227,santarem,-2.4431,-54.7083,32.07,58,20,2.57,BR,1701203837
228,baharly,38.4362,57.4316,10.74,68,91,5.26,TM,1701204046
229,vila franca do campo,37.7167,-25.4333,19.23,99,87,2.25,PT,1701204047
230,callaway,30.153,-85.5699,16.62,40,0,3.6,US,1701204048
231,masterton,-40.9597,175.6575,13.82,96,100,2.48,NZ,1701204050
232,tamandare,-8.7597,-35.1047,25.5,75,13,4.17,BR,1701204051
233,pasuquin,18.3328,120.6177,23.97,94,20,1.03,PH,1701204052
234,sumber,-6.7603,108.4831,24.9,78,85,1.74,ID,1701204053
235,vilyuchinsk,52.9306,158.4028,-8.37,82,100,2.36,RU,1701204056
236,erechim,-27.6342,-52.2739,19.99,96,71,1.77,BR,1701204057
237,shatki,55.1887,44.1249,-8.73,97,24,1.96,RU,1701203896
238,igarka,67.4667,86.5833,-22.09,96,88,2.88,RU,1701204061
239,mil'kovo,55.6078,37.7956,-5.78,97,67,2.95,RU,1701204063
240,esperalvillo,18.8151,-70.0356,30.25,73,31,2.1,DO,1701204064
241,kirakira,-10.4544,161.9205,28.08,83,58,3.51,SB,1701204065
242,barra de santo antonio,-9.4047,-35.5072,27.6,72,2,3.92,BR,1701204067
243,vera,-29.4593,-60.2126,29.38,61,4,6.49,AR,1701203899
244,ormara,25.2088,64.6357,23.99,62,24,3.6,PK,1701204070
245,okha,53.5739,142.9478,-12.55,87,87,2.4,RU,1701204071
246,el granada,37.5027,-122.4694,20.52,52,0,6.17,US,1701204072
247,new norfolk,-42.7826,147.0587,12.72,94,97,1.31,AU,1701203551
248,waddan,29.1614,16.139,16.22,33,0,2.79,LY,1701204075
249,xilin hot,43.9667,116.0333,-19.56,86,5,5.23,CN,1701204076
250,vorgashor,67.5833,63.95,-13.36,91,100,3.07,RU,1701203561
251,akjoujt,19.6969,-14.4164,23.77,15,79,4.19,MR,1701204079
252,puerto ayacucho,5.6639,-67.6236,31.96,60,42,1.11,VE,1701204080
253,sao felix do xingu,-6.6447,-51.995,30.78,43,90,1.58,BR,1701204082
254,crane,31.3974,-102.3501,13.92,40,83,4.35,US,1701204083
255,tralee,52.2704,-9.7026,6.51,77,100,0.38,IE,1701204084
256,barakani,-12.1356,44.4317,26.53,79,9,3.28,KM,1701204086
257,bandarban,22.1965,92.2262,17.33,88,2,1.12,BD,1701204087
258,harstad,68.799,16.5293,-0.34,76,10,3.11,NO,1701204088
259,colonia,50.9333,6.95,1.59,84,75,2.57,DE,1701203932
260,sanctuary point,-35.1114,150.629,20.42,95,100,9.25,AU,1701204091
261,nuuk,64.1835,-51.7216,1.34,44,20,12.35,GL,1701203526
262,bibiani,6.4635,-2.3194,23.41,92,23,1.22,GH,1701204094
263,aginskoye,51.1,114.53,-15.75,79,25,7.55,RU,1701204095
264,changzhi,35.2089,111.7386,6.99,33,100,3.44,CN,1701204096
265,st. john's,47.5649,-52.7093,9.88,97,100,15.43,CA,1701204098
266,akureyri,65.6835,-18.0878,-0.04,100,75,0.0,IS,1701204099
267,aasiaat,68.7098,-52.8699,-10.38,70,97,8.81,GL,1701204100
268,namibe,-15.1961,12.1522,23.33,79,91,1.79,AO,1701204102
269,broome,42.2506,-75.833,-0.77,63,100,5.66,US,1701204104
270,wakkanai,45.4094,141.6739,-2.73,90,100,7.15,JP,1701204105
271,puerto maldonado,-12.6,-69.1833,27.22,83,40,1.54,PE,1701204106
272,chinsali,-10.5414,32.0816,19.98,81,92,1.14,ZM,1701204108
273,sarupathar,26.1984,93.8094,15.78,89,7,0.49,IN,1701204109
274,nimaj,26.1497,74.0,18.55,71,39,2.27,IN,1701204110
275,musoma,-1.5,33.8,20.38,81,100,3.18,TZ,1701204112
276,sile,41.1754,29.6133,14.37,54,100,3.13,TR,1701204113
277,pimenta bueno,-11.6725,-61.1936,34.0,38,84,1.49,BR,1701204114
278,satun,6.8333,100.0,24.0,90,98,2.52,TH,1701204116
279,tchibanga,-2.85,11.0333,22.89,93,98,0.15,GA,1701204118
280,navrongo,10.8956,-1.0921,32.24,30,48,1.46,GH,1701204120
281,bardai,11.65,7.2333,24.96,29,10,3.61,NG,1701204121
282,thala,35.5724,8.6703,10.3,61,53,1.83,TN,1701204122
283,yandev,7.3667,9.05,27.86,66,75,4.84,NG,1701204124
284,rantoul,40.3084,-88.1559,-2.79,67,0,4.12,US,1701204125
285,labrador city,52.9463,-66.9114,-6.05,86,40,2.06,CA,1701204126
286,nouadhibou,20.931,-17.0347,20.99,56,0,4.12,MR,1701204128
287,nema,57.5067,50.5011,-8.75,97,100,1.98,RU,1701204129
288,bulgan,48.8125,103.5347,-18.08,94,17,1.67,MN,1701204130
289,antonio enes,-16.2325,39.9086,26.33,83,10,3.9,MZ,1701204132
290,mejit,10.2753,170.8646,27.09,70,99,7.95,MH,1701204133
291,nyurba,63.2842,118.3319,-20.64,95,58,2.34,RU,1701204134
292,pavilosta,56.8879,21.1859,-2.05,70,99,2.88,LV,1701204137
293,vizinga,61.0749,50.1031,-4.1,98,100,1.31,RU,1701204138
294,myrtle grove,30.421,-87.3075,16.1,37,20,4.63,US,1701204140
295,villa gesell,-37.2639,-56.973,21.76,77,52,10.02,AR,1701204141
296,fale old settlement,-9.3852,-171.2468,28.93,70,100,6.33,TK,1701204142
297,yemetsk,63.4721,41.7941,-5.74,94,100,3.37,RU,1701204144
298,verkhnevilyuysk,63.4453,120.3167,-19.32,93,40,3.84,RU,1701204145
299,businga,3.3333,20.8833,21.54,99,100,0.61,CD,1701204146
300,ketchikan,55.3422,-131.6461,7.26,76,20,3.09,US,1701204148
301,kirando,-7.4167,30.6,22.34,81,96,3.08,TZ,1701204149
302,pacific grove,36.6177,-121.9166,19.38,51,0,6.71,US,1701204150
303,urucurituba,-2.6833,-57.6667,29.97,60,100,0.44,BR,1701204152
304,lihue,21.9789,-159.3672,21.77,88,100,4.12,US,1701204155
305,nagqu,31.5,92.0,-5.55,65,100,0.74,CN,1701204156
306,ecoporanga,-18.3733,-40.8306,28.3,54,95,4.1,BR,1701204157
307,fort bragg,35.139,-79.006,11.91,32,0,6.17,US,1701204159
308,bodden town,19.2833,-81.25,30.0,75,20,5.66,KY,1701204160
309,alpine,32.835,-116.7664,22.2,28,0,2.68,US,1701204161
310,tezu,27.9167,96.1667,16.97,46,69,1.79,IN,1701204163
311,huilong,31.8111,121.655,13.2,73,98,4.43,CN,1701204164
312,lazaro cardenas,17.9583,-102.2,29.59,66,82,3.6,MX,1701204167
313,corozal,9.3151,-75.2928,30.84,67,31,1.66,CO,1701204168
314,mersa matruh,31.3525,27.2453,14.11,54,0,3.09,EG,1701204169
315,la ronge,55.1001,-105.2842,3.14,56,20,8.75,CA,1701204170
316,turbat,26.0023,63.044,21.82,65,5,1.22,PK,1701204172
317,kavieng,-2.5744,150.7967,27.8,79,96,2.7,PG,1701204173
318,portland,45.5234,-122.6762,9.27,58,20,5.66,US,1701204174
319,porto murtinho,-21.6989,-57.8825,34.0,45,74,1.58,BR,1701204176
320,sinan,34.8262,126.1086,2.06,68,76,3.94,KR,1701204177
321,al hazm,16.1641,44.7769,20.5,32,1,0.55,YE,1701204179
322,isla vista,34.4133,-119.861,23.33,31,0,2.57,US,1701204180
323,kapuskasing,49.4169,-82.4331,-11.0,73,100,4.63,CA,1701204181
324,torre de moncorvo,41.1792,-7.0358,13.17,94,99,2.02,PT,1701204182
325,youghal,51.95,-7.8506,6.56,98,97,2.37,IE,1701204184
326,kasane,-17.8167,25.15,25.81,42,89,3.01,BW,1701204185
327,coracao de jesus,-16.6853,-44.365,28.71,40,58,2.12,BR,1701204186
328,bamboo flat,11.7,92.7167,28.05,78,75,3.6,IN,1701204188
329,kolosovka,56.4678,73.611,-5.03,85,100,4.59,RU,1701204190
330,santo tome,-31.6627,-60.7653,32.22,57,10,4.47,AR,1701204192
331,swakopmund,-22.6833,14.5333,17.21,83,42,1.34,NA,1701204004
332,moe,-38.1667,146.2667,15.91,99,100,3.48,AU,1701204194
333,labasa,-16.4167,179.3833,29.98,66,7,2.88,FJ,1701204196
334,candido mendes,-1.4467,-45.7167,27.0,76,19,2.97,BR,1701204197
335,tandil,-37.3217,-59.1332,31.92,29,98,6.14,AR,1701204198
336,east london,-33.0153,27.9116,19.82,76,100,9.43,ZA,1701204200
337,sao raimundo nonato,-9.0153,-42.6994,30.08,40,83,2.2,BR,1701204201
338,borshchiv,48.8033,26.0435,-0.54,92,100,2.31,UA,1701204202
339,ar ruseris,11.8659,34.3869,28.97,29,4,2.22,SD,1701204204
340,sergeyevka,53.88,67.4158,-0.89,86,100,4.32,KZ,1701204205
341,kolokani,13.5728,-8.0339,26.07,21,0,3.89,ML,1701204206
342,cidreira,-30.1811,-50.2056,19.41,92,100,9.66,BR,1701204208
343,tadine,-21.55,167.8833,23.66,76,100,5.42,NC,1701204210
344,alofi,-19.0595,-169.9187,26.94,74,75,4.63,NU,1701204195
345,thompson,55.7435,-97.8558,-11.91,85,75,0.0,CA,1701204213
346,polyarnyy,69.1989,33.4478,-2.42,86,96,7.43,RU,1701204214
347,tazovsky,67.4667,78.7,-15.33,95,100,3.74,RU,1701204217
348,muisne,0.6,-80.0333,25.65,78,78,6.63,EC,1701204218
349,nogliki,51.8333,143.1667,-14.81,79,100,4.02,RU,1701204220
350,balkanabat,39.5108,54.3671,8.72,72,1,1.04,TM,1701204221
351,kidal,18.4411,1.4078,25.21,12,0,4.35,ML,1701204222
352,forio,40.7342,13.8646,15.85,81,77,1.79,IT,1701204224
353,ampere,-25.915,-53.4728,23.34,89,69,1.87,BR,1701204225
354,petawawa,45.9001,-77.3328,-5.79,67,75,6.17,CA,1701204226
355,issia,6.4922,-6.5856,23.85,88,53,1.73,CI,1701204228
356,auki,-8.7676,160.7034,26.97,83,95,0.7,SB,1701204229
357,iquique,-20.2208,-70.1431,22.02,70,8,4.34,CL,1701204230
358,alaior,39.9303,4.1404,11.86,82,20,3.09,ES,1701204232
359,bissora,12.2231,-15.4475,26.04,60,9,2.79,GW,1701204233
360,sidney,-33.8679,151.2073,20.91,86,100,3.13,AU,1701204005
361,constantia,44.1833,28.65,10.39,88,100,13.07,RO,1701204208
362,korla,41.7597,86.1469,3.85,41,100,2.58,CN,1701204237
363,kourou,5.1552,-52.6478,29.03,80,21,3.46,GF,1701204238
364,cidade velha,14.9167,-23.6167,24.26,73,20,4.63,CV,1701204240
365,kajaani,64.2273,27.7285,-1.97,80,100,9.77,FI,1701204241
366,nyala,12.05,24.8833,25.09,24,3,6.63,SD,1701204242
367,nadym,65.5333,72.5167,-5.67,95,100,5.62,RU,1701204244
368,walvis bay,-22.9575,14.5053,17.27,83,35,4.84,NA,1701204245
369,chonchi,-42.6128,-73.8092,12.84,70,86,4.14,CL,1701204246
370,bamiantong,44.9333,130.5333,-18.5,96,100,2.15,CN,1701204248
371,okhotsk,59.3833,143.3,-11.58,91,100,3.04,RU,1701204249
372,necochea,-38.5473,-58.7368,23.68,54,91,4.03,AR,1701204196
373,balykshi,47.0667,51.8667,-2.0,93,11,3.0,KZ,1701204252
374,acatic,20.7833,-102.8833,23.99,39,100,0.81,MX,1701204253
375,kandyagash,49.4744,57.4233,-1.4,83,100,8.44,KZ,1701204254
376,victorica,-36.2151,-65.4359,26.54,59,93,6.09,AR,1701204256
377,las trojes,14.0667,-85.9833,26.32,56,9,2.96,HN,1701204257
378,macusani,-14.0833,-70.4333,7.47,82,100,1.65,PE,1701204258
379,motueka,-41.1333,173.0167,13.94,83,86,2.45,NZ,1701204260
380,ribeira brava,32.65,-17.0667,21.67,79,93,3.31,PT,1701204261
381,mar del plata,-38.0023,-57.5575,28.79,90,76,9.77,AR,1701204041
382,oros,-6.2444,-38.9136,29.09,50,94,1.83,BR,1701204266
383,rasht,37.2808,49.5832,11.69,90,100,1.56,IR,1701204255
384,willmar,45.1219,-95.0433,3.97,48,0,9.26,US,1701204269
385,el tigre,8.8875,-64.2454,28.74,58,53,4.55,VE,1701204270
386,puerto aysen,-45.4,-72.7,9.36,99,100,3.18,CL,1701204271
387,iowa falls,42.5225,-93.2513,0.15,64,40,4.63,US,1701204273
388,kotlas,61.2611,46.6556,-4.41,96,100,2.24,RU,1701204274
389,banda aceh,5.5577,95.3222,25.94,84,97,2.82,ID,1701204044
390,severnoye,56.3491,78.3619,-8.34,86,86,3.13,RU,1701204277
391,ungsang-nodongjagu,42.3578,130.4622,-7.19,49,21,5.11,KP,1701204278
392,buka,40.8108,69.1986,14.06,30,100,1.19,UZ,1701204280
393,luderitz,-26.6481,15.1594,19.49,71,65,11.14,NA,1701204281
394,tofol,5.3248,163.0078,27.2,78,100,9.86,FM,1701204284
395,aykhal,66.0,111.5,-18.53,97,100,4.03,RU,1701204285
396,zerbst,51.9667,12.0833,-1.59,96,81,1.13,DE,1701204286
397,sao gabriel da cachoeira,-0.1303,-67.0892,25.1,95,95,0.26,BR,1701204288
398,gunnison,38.7,-107.0673,1.06,44,0,0.11,US,1701204290
399,esperanza,19.5847,-70.9849,31.32,52,40,2.68,DO,1701204291
400,afaahiti,-17.75,-149.2833,28.93,84,100,9.86,PF,1701204292
401,sunland park,31.7965,-106.58,16.0,39,0,3.09,US,1701204294
402,kralendijk,12.15,-68.2667,29.99,70,40,8.23,BQ,1701204295
403,harper,4.375,-7.7169,26.3,81,100,2.57,LR,1701204296
404,yaren,-0.5472,166.916,28.88,73,99,1.99,NR,1701204298
405,assab,13.0092,42.7394,26.33,76,84,9.26,ER,1701204299
406,zaysan,47.4667,84.8667,-0.7,65,48,0.18,KZ,1701204300
407,eldorado,-23.7869,-54.2836,26.63,84,61,1.6,BR,1701204302
408,hailey,43.5196,-114.3153,7.72,50,0,4.12,US,1701204303
409,isla mujeres,21.2311,-86.731,26.76,73,94,9.29,MX,1701204304
410,santa cruz,-17.8,-63.1667,32.03,55,40,9.26,BO,1701204208
411,lanivtsi,49.8633,26.0908,-0.55,85,100,3.55,UA,1701204307
412,giado,31.9582,12.0203,12.86,31,25,4.61,LY,1701204310
413,barabai,-2.5833,115.3833,22.72,99,100,0.53,ID,1701204311
414,santa elena de uairen,4.6167,-61.1333,25.54,58,88,1.21,VE,1701204312
415,ravar,31.2656,56.8055,14.26,38,0,1.5,IR,1701204314
416,east ballina,-28.8667,153.5833,20.44,92,100,1.6,AU,1701204316
417,chui,-33.6971,-53.4616,21.51,83,82,6.33,UY,1701204317
418,acarau,-2.8856,-40.12,27.16,77,40,7.55,BR,1701204313
419,mae tha,18.4646,99.1403,19.8,90,98,0.57,TH,1701204320
420,bang nam priao,13.8474,101.0531,25.55,67,100,1.43,TH,1701204321
421,cam ranh,11.9214,109.1591,25.98,83,40,4.12,VN,1701204323
422,sisimiut,66.9395,-53.6735,-6.48,65,96,7.03,GL,1701204324
423,salekhard,66.53,66.6019,-11.12,94,100,6.92,RU,1701204121
424,qobustan,40.0824,49.412,10.27,74,30,1.97,AZ,1701204327
425,mbeya,-8.9,33.45,16.73,82,100,0.62,TZ,1701204328
426,albertina,-22.2008,-46.6158,20.96,87,94,1.05,BR,1701204329
427,jacmel,18.2342,-72.5347,32.91,67,44,2.32,HT,1701204332
428,naze,28.3667,129.4833,12.51,60,0,1.7,JP,1701204333
429,ardestan,33.3761,52.3694,11.77,52,0,1.09,IR,1701204334
430,chake chake,-5.2459,39.7666,25.27,88,59,1.81,TZ,1701204336
431,itoman,26.1247,127.6694,17.01,72,0,0.51,JP,1701204337
432,beykonak,36.3257,30.303,12.71,65,67,2.38,TR,1701204338
433,ashta,23.0167,76.7167,17.38,89,0,1.49,IN,1701204341
434,zhengjiatun,43.5064,123.5064,-14.27,81,14,4.87,CN,1701204342
435,el calafate,-50.3408,-72.2768,10.11,48,9,6.73,AR,1701204344
436,marsh harbour,26.5412,-77.0636,22.43,62,44,6.45,BS,1701204345
437,wum,6.3833,10.0667,20.21,80,71,1.58,CM,1701204346
438,crixas,-14.5489,-49.9692,33.13,30,73,0.74,BR,1701204303
439,sovetskaya gavan',48.9723,140.2878,-10.8,81,100,7.3,RU,1701204349
440,kupang,-10.1667,123.5833,26.32,100,100,1.03,ID,1701204350
441,nova vicosa,-17.8919,-39.3719,25.57,80,57,6.31,BR,1701204352
442,monrovia,6.3005,-10.7969,24.87,83,100,0.86,LR,1701204353
443,remire-montjoly,4.9167,-52.2667,29.02,74,20,5.14,GF,1701204354
444,shagonar,51.5333,92.8,-15.5,98,93,1.02,RU,1701204356
445,guozhen,34.3659,107.359,9.29,40,100,2.11,CN,1701204357
446,port saint john's,-31.6229,29.5448,20.88,81,97,7.19,ZA,1701204358
447,chernyshevskiy,63.0128,112.4714,-27.22,95,77,1.38,RU,1701204360
448,amos,48.5669,-78.1162,-10.11,89,100,5.28,CA,1701204362
449,ponta delgada,37.7333,-25.6667,19.4,88,75,2.06,PT,1701204363
450,rifle,39.5347,-107.7831,7.39,44,0,0.0,US,1701204365
451,iquitos,-3.7481,-73.2472,31.02,66,40,2.06,PE,1701204366
452,zabaykal'sk,49.6333,117.3167,-17.43,79,100,7.05,RU,1701204367
453,gubkinskiy,64.434,76.5026,-2.73,98,100,3.33,RU,1701204369
454,ankang,32.68,109.0172,12.31,65,100,0.15,CN,1701204371
455,kiruna,67.8557,20.2251,-5.49,86,100,6.69,SE,1701204373
456,klaksvik,62.2266,-6.589,2.51,62,100,8.08,FO,1701204341
457,roma,43.2128,-75.4557,-1.69,83,100,8.75,US,1701204122
458,la calera,-31.3438,-64.3353,34.03,44,20,9.26,AR,1701204377
459,haiku-pauwela,20.9219,-156.3051,26.81,68,20,3.09,US,1701204378
460,tuy hoa,13.0833,109.3,23.0,88,98,2.62,VN,1701204379
461,chernyshevsk,52.5243,117.0174,-23.02,96,85,0.26,RU,1701204381
462,ivins,37.1686,-113.6794,14.51,28,7,0.89,US,1701204382
463,cockburn town,21.4612,-71.1419,27.31,70,50,3.98,TC,1701204383
464,bulawayo,-20.15,28.5833,24.08,24,5,3.17,ZW,1701204254
465,san rafael del sur,11.8485,-86.4384,32.54,65,18,5.64,NI,1701204386
466,porto tolle,44.9497,12.3245,8.09,76,0,1.43,IT,1701204387
467,lerwick,60.1545,-1.1494,3.0,59,100,8.49,GB,1701204388
468,lensk,60.7253,114.9278,-21.14,96,53,3.56,RU,1701204390
469,coquimbo,-29.9533,-71.3436,17.85,72,40,6.17,CL,1701204126
470,namtsy,62.7161,129.6658,-27.9,100,100,1.68,RU,1701204392
471,queenstown,-31.8976,26.8753,15.59,74,95,3.21,ZA,1701204394
472,carutapera,-1.195,-46.02,27.05,76,46,4.07,BR,1701204395
473,bathsheba,13.2167,-59.5167,29.34,74,40,7.2,BB,1701204396
474,san luis,-33.295,-66.3356,31.2,35,52,3.99,AR,1701204398
475,lompoc,34.6391,-120.4579,22.1,45,0,4.12,US,1701204399
476,saynshand,44.8824,110.1163,-17.7,83,3,4.35,MN,1701204400
477,howard springs,-12.497,131.047,27.71,84,30,1.94,AU,1701204402
478,dolisie,-4.1997,12.6739,22.05,97,98,0.34,CG,1701204404
479,santyoku,37.4406,129.1708,1.32,54,7,4.38,KR,1701204405
480,jean-rabel,19.8533,-73.1917,28.01,65,74,3.92,HT,1701204406
481,kitahiroshima,42.9758,141.5672,-2.75,71,29,5.36,JP,1701204408
482,griffith,41.5284,-87.4237,-3.73,54,0,4.12,US,1701204409
483,malaryta,51.7905,24.074,-3.45,95,100,5.46,BY,1701204410
484,sitka,57.0531,-135.33,3.94,87,20,1.54,US,1701204412
485,araioses,-2.89,-41.9031,28.99,70,20,4.63,BR,1701204413
486,kilindoni,-7.9139,39.6668,26.94,80,96,4.98,TZ,1701204415
487,alicia,16.7794,121.6973,23.45,94,93,0.12,PH,1701204416
488,rosarito,32.3333,-117.0333,23.84,45,4,4.03,MX,1701204417
489,khorixas,-20.3667,14.9667,25.28,45,40,5.38,NA,1701204419
490,fort stockton,30.894,-102.8793,18.2,46,0,4.12,US,1701204420
491,'ain el melh,34.8415,4.1638,11.94,65,99,3.07,DZ,1701204421
492,pontianak,-0.0333,109.3333,24.99,94,100,0.51,ID,1701204295
493,san luis de la loma,17.2706,-100.8939,29.44,67,100,2.46,MX,1701204424
494,pama,11.2497,0.7075,31.52,26,2,1.76,BF,1701204427
495,agadez,19.75,10.25,21.01,18,0,1.99,NE,1701204429
496,antsiranana,-12.2787,49.2917,25.12,88,86,4.35,MG,1701204430
497,viedma,-40.8135,-62.9967,22.33,50,100,7.01,AR,1701204432
498,el sauzal de rodriguez,31.9,-116.6833,19.68,63,5,3.68,MX,1701204433
499,kerikeri,-35.2268,173.9474,18.28,89,79,0.89,NZ,1701204434
500,kargasok,59.0556,80.8572,-8.91,93,100,4.47,RU,1701204436
501,key west,24.5557,-81.7826,23.0,64,0,6.71,US,1701204437
502,ghadamis,30.1337,9.5007,15.33,32,96,3.07,LY,1701204438
503,jinchang,38.4953,102.1739,-5.46,56,32,2.1,CN,1701204439
504,haugesund,59.4138,5.268,-2.55,59,0,4.12,NO,1701204441
505,rexburg,43.826,-111.7897,6.97,36,0,0.82,US,1701204442
506,laojunmiao,39.8333,97.7333,-4.33,57,3,2.6,CN,1701204443
507,sirte,31.2089,16.5887,19.56,35,6,5.76,LY,1701204445
508,sochi,43.6,39.7303,3.05,66,54,5.32,RU,1701204382
509,skjern,55.95,8.5,-3.88,82,100,2.81,DK,1701204340
510,al wajh,26.2455,36.4525,21.97,46,0,2.57,SA,1701204450
511,daru,-9.0763,143.2092,26.63,85,100,1.86,PG,1701204451
512,mancio lima,-7.6142,-72.8958,32.04,58,40,3.6,BR,1701204453
513,cabinda,-5.55,12.2,26.08,89,20,1.54,AO,1701204455
514,kavarna,43.4333,28.3333,10.6,97,98,10.27,BG,1701204457
515,ylitornio,66.3089,23.6773,-4.39,84,100,6.44,FI,1701204459
516,machagai,-26.9261,-60.0496,30.0,68,85,2.94,AR,1701204460
517,mugia,43.1041,-9.2179,15.65,95,100,7.8,ES,1701204462
518,kenai,60.5544,-151.2583,1.16,93,100,3.09,US,1701204464
519,nizhniy ingash,56.2,96.53,-20.93,99,31,0.93,RU,1701204465
520,fengcheng,40.4536,124.0717,-6.13,43,53,1.69,CN,1701204466
521,belle fourche,44.6714,-103.8522,12.96,15,4,7.11,US,1701204468
522,salalah,17.0151,54.0924,25.05,73,0,1.03,OM,1701204206
523,urengoy,65.9667,78.3667,-8.79,95,100,4.53,RU,1701204469
524,luganville,-15.5333,167.1667,27.2,81,77,5.19,VU,1701204472
525,dazhou,31.2159,107.5009,14.55,66,100,2.3,CN,1701204474
526,aioun,16.6614,-9.6149,25.34,14,17,4.49,MR,1701204476
527,anapa,44.8908,37.3239,8.19,61,20,6.0,RU,1701204302
528,hoi an,15.8794,108.335,22.98,85,93,2.73,VN,1701204480
